customer_id,name,phone,email,created_at
1,Allison Hill,0830433218,allisonhill@gmail.com,2025-10-30 14:15:20
2,Noah Rhodes,0839600133,noahrhodes@gmail.com,2025-07-15 05:29:03
3,Angie Henderson,0828386379,angiehenderson@gmail.com,2025-08-09 08:20:30
4,Daniel Wagner,0740265423,danielwagner@gmail.com,2026-02-04 13:57:50
5,Cristian Santos,0761161559,cristiansantos@gmail.com,2025-09-09 05:06:34
6,Connie Lawrence,0740781618,connielawrence@gmail.com,2025-08-14 13:06:32
7,Abigail Shaffer,0749593103,abigailshaffer@gmail.com,2025-04-08 04:47:38
8,Gina Moore,0741316475,ginamoore@gmail.com,2025-05-27 11:36:03
9,Gabrielle Davis,0725534192,gabrielledavis@gmail.com,2025-05-18 11:17:02
10,Ryan Munoz,0732764835,ryanmunoz@gmail.com,2025-03-17 01:43:03
11,Monica Herrera,0823056413,monicaherrera@gmail.com,2025-07-01 12:08:20
12,Jamie Arnold,0763767242,jamiearnold@gmail.com,2025-02-28 09:00:23
13,Lisa Hensley,0738849696,lisahensley@gmail.com,2025-10-06 16:23:15
14,Michele Williams,0763287101,michelewilliams@gmail.com,2025-09-23 07:52:33
15,Dylan Miller,0722691669,dylanmiller@gmail.com,2025-05-20 13:46:40
16,Brian Ramirez,0798480184,brianramirez@gmail.com,2025-10-06 17:36:44
17,Holly Wood,0761462704,hollywood@gmail.com,2025-05-16 17:31:40
18,Derek Zuniga,0728148932,derekzuniga@gmail.com,2025-02-22 23:58:35
19,Lisa Jackson,0762880957,lisajackson@gmail.com,2025-03-19 18:39:23
20,Carla Gray,0821543039,carlagray@gmail.com,2025-11-22 02:30:31
21,Margaret Hawkins DDS,0831718227,margaretdds@gmail.com,2025-10-23 07:15:32
22,Patty Perez,0724896383,pattyperez@gmail.com,2025-03-15 01:41:46
23,Ethan Adams,0746578713,ethanadams@gmail.com,2025-05-20 02:50:42
24,Tommy Walter,0731509839,tommywalter@gmail.com,2025-03-18 09:10:10
25,Matthew Foster,0730103105,matthewfoster@gmail.com,2026-02-06 20:04:45
26,Judy Baker,0838347382,judybaker@gmail.com,2025-03-04 09:44:34
27,Justin Baker,0793763116,justinbaker@gmail.com,2026-01-20 01:20:08
28,Stephanie Ross,0766670106,stephanieross@gmail.com,2025-06-28 12:46:11
29,Zachary Hicks,0761333872,zacharyhicks@gmail.com,2025-03-19 17:23:29
30,Anthony Rodriguez,0782473178,anthonyrodriguez@gmail.com,2025-09-07 21:14:07
31,Rebecca Henderson,0830801326,rebeccahenderson@gmail.com,2025-05-23 15:19:01
32,James Ferrell,0797360260,jamesferrell@gmail.com,2025-06-08 08:32:57
33,Tricia Valencia,0784746872,triciavalencia@gmail.com,2025-11-07 00:16:40
34,Nathan Maldonado,0734309805,nathanmaldonado@gmail.com,2025-08-27 17:20:38
35,Debra Davidson,0820978820,debradavidson@gmail.com,2025-05-14 09:47:05
36,Jeffrey Chavez,0832191361,jeffreychavez@gmail.com,2025-09-17 14:58:39
37,Sherri Baker,0739909169,sherribaker@gmail.com,2025-04-12 14:11:19
38,Cassandra Gaines,0764353462,cassandragaines@gmail.com,2025-11-28 03:05:15
39,Elizabeth Fowler,0747510799,elizabethfowler@gmail.com,2026-02-18 12:34:39
40,Brittany Farmer,0831838425,brittanyfarmer@gmail.com,2026-01-28 21:21:33
41,Paula Moreno,0833542784,paulamoreno@gmail.com,2025-09-29 23:27:37
42,Fred Smith,0828412411,fredsmith@gmail.com,2025-10-01 23:38:05
43,Sherry Decker,0724493534,sherrydecker@gmail.com,2025-08-22 18:33:58
44,Anthony Humphrey,0794016400,anthonyhumphrey@gmail.com,2025-05-25 13:51:05
45,Angelica Tucker,0762427868,angelicatucker@gmail.com,2025-12-21 22:08:10
46,Philip Cannon,0821128059,philipcannon@gmail.com,2025-08-22 21:22:49
47,John Pierce,0726204505,johnpierce@gmail.com,2025-12-30 19:22:14
48,Shane Henderson,0733158692,shanehenderson@gmail.com,2025-07-28 07:01:36
49,Joshua Blair,0732260256,joshuablair@gmail.com,2025-05-05 03:42:07
50,Eric Carney,0734216073,ericcarney@gmail.com,2025-03-28 20:07:59
